<?xml version="1.0" encoding="utf-8"?>
<odoo>
<data noupdate="0">

    <record id="base.module_category_technical_work_order_karuppu" model="ir.module.category">
        <field name="description">category for work order</field>
        <field name="sequence">15</field>
    </record>

    <record id="technical_group_mrp_user" model="res.groups">
        <field name="name">User</field>
        <field name="implied_ids" eval="[(4, ref('stock.technical_group_mrp_user'))]"/>
        <field name="category_id" ref="base.module_category_technical_work_order_karuppu"/>
    </record>
    <record id="technical_group_mrp_manager" model="res.groups">
        <field name="name">Manager</field>
        <field name="category_id" ref="base.module_category_technical_work_order_karuppu"/>
        <field name="implied_ids" eval="[(4, ref('technical_group_mrp_user'))]"/>
        <field name="users" eval="[(4, ref('base.user_root')), (4, ref('base.user_admin'))]"/>
    </record>

    <record model="ir.rule" id="mrp_workorder_rule">
        <field name="name">mrp_workorder users</field>
        <field name="model_id" search="[('model','=','mrp.workorder')]" model="ir.model"/>
        <field name="domain_force">[('workcenter_id.create_uid','=',user.id)]</field>
    </record>
</data>
</odoo>
